MC Team 26 -01,0,2025-08-28,07:17:04
MC Team 26 -01,0,2025-08-28,07:23:54
MC Team 26 -01,0,2025-08-28,07:27:00
MC Team 26 -01,24,2025-08-28,07:36:48
MC Team 26 -01,25,2025-08-28,07:43:10
MC Team 26 -01,0,2025-08-28,09:07:50
MC Team 26 -01,27,2025-08-28,09:09:40
MC Team 26 -01,21,2025-08-28,09:31:13
MC Team 26 -01,18,2025-08-28,10:24:34
MC Team 26 -01,11,2025-08-28,10:32:13
MC Team 26 -01,0,2025-09-01,11:17:39
MC Team 26 -01,171,2025-09-13,15:53:47
MC Team 26 -01,359,2025-09-13,16:00:49
MC Team 26 -01,230,2025-09-13,17:05:29
